<?xml version="1.0" encoding="ISO-8859-1"?>
<copyright>
<year>2005</year>
<holder>IBM Coportation</holder>
</copyright>
<legalnotice>
CBC and this documentation are provided under the terms of the 
<ulink url="http://opensource.org/licenses/cpl.php">Common Public License
 (&quot;CPL&quot;)</ulink>.  Any use, reproduction or distribution of the programs constitutes
the recipient's acceptance of the license.  The 
<ulink url="http://opensource.org/licenses/cpl.php">CPL</ulink> is approved by
the <ulink url="http://opensource.org/">Open Source Initiative</ulink>.  IBM
Corporation, the author of the
<ulink url="http://opensource.org/licenses/cpl.php">CPL</ulink>, has a 
<ulink url="http://www.ibm.com/developerworks/library/os-cplfaq.html">
CPL FAQ</ulink> available which is based on IBM's understanding of the 
<ulink url="http://opensource.org/licenses/cpl.php">CPL</ulink>.
</legalnotice>